T1_t0,Z10,Z11,SUB
T1_t1,Z10,Z11,ADD
T1_t2,T1_t0,T1_t1,MUL
T1_t3,Z10,Z11,MUL
T1_t5,T1_t3,T1_t3,SUB
T10,T1_t2,T1_t5,SUB
T11,T1_t3,T1_t3,ADD
T2_t0,X20,Z10,MUL
T2_t1,X21,Z11,MUL
T2_t2,X20,X21,ADD
T2_t3,Z10,Z11,ADD
T2_t4,T2_t2,T2_t3,MUL
T20,T2_t0,T2_t1,SUB
T2_t5,T2_t0,T2_t1,ADD
T21,T2_t4,T2_t5,SUB
T3_t0,Z10,Z20,MUL
T3_t1,Z11,Z21,MUL
T3_t2,Z10,Z11,ADD
T3_t3,Z20,Z21,ADD
T3_t4,T3_t2,T3_t3,MUL
T30,T3_t0,T3_t1,SUB
T3_t5,T3_t0,T3_t1,ADD
T31,T3_t4,T3_t5,SUB
T4_t0,X10,Z20,MUL
T4_t1,X11,Z21,MUL
T4_t2,X10,X11,ADD
T4_t3,Z20,Z21,ADD
T4_t4,T4_t2,T4_t3,MUL
T40,T4_t0,T4_t1,SUB
T4_t5,T4_t0,T4_t1,ADD
T41,T4_t4,T4_t5,SUB
T5_t0,X10,X11,SUB
T5_t1,X10,X11,ADD
T5_t2,T5_t0,T5_t1,MUL
T5_t3,X10,X11,MUL
T5_t5,T5_t3,T5_t3,SUB
T50,T5_t2,T5_t5,SUB
T51,T5_t3,T5_t3,ADD
T6_t0,X10,X20,MUL
T6_t1,X11,X21,MUL
T6_t2,X10,X11,ADD
T6_t3,X20,X21,ADD
T6_t4,T6_t2,T6_t3,MUL
T60,T6_t0,T6_t1,SUB
T6_t5,T6_t0,T6_t1,ADD
T61,T6_t4,T6_t5,SUB
T7_t0,X10,Z10,MUL
T7_t1,X11,Z11,MUL
T7_t2,X10,X11,ADD
T7_t3,Z10,Z11,ADD
T7_t4,T7_t2,T7_t3,MUL
T70,T7_t0,T7_t1,SUB
T7_t5,T7_t0,T7_t1,ADD
T71,T7_t4,T7_t5,SUB
T8_t0,4B0,T10,MUL
T8_t1,4B1,T11,MUL
T8_t2,4B0,4B1,ADD
T8_t3,T10,T11,ADD
T8_t4,T8_t2,T8_t3,MUL
T80,T8_t0,T8_t1,SUB
T8_t5,T8_t0,T8_t1,ADD
T81,T8_t4,T8_t5,SUB
T9_t0,A0,T10,MUL
T9_t1,A1,T11,MUL
T9_t2,A0,A1,ADD
T9_t3,T10,T11,ADD
T9_t4,T9_t2,T9_t3,MUL
T90,T9_t0,T9_t1,SUB
T9_t5,T9_t0,T9_t1,ADD
T91,T9_t4,T9_t5,SUB
T10_t0,A0,T30,MUL
T10_t1,A1,T31,MUL
T10_t2,A0,A1,ADD
T10_t3,T30,T31,ADD
T10_t4,T10_t2,T10_t3,MUL
T100,T10_t0,T10_t1,SUB
T10_t5,T10_t0,T10_t1,ADD
T101,T10_t4,T10_t5,SUB
T11_t0,4B0,T30,MUL
T11_t1,4B1,T31,MUL
T11_t2,4B0,4B1,ADD
T11_t3,T30,T31,ADD
T11_t4,T11_t2,T11_t3,MUL
T110,T11_t0,T11_t1,SUB
T11_t5,T11_t0,T11_t1,ADD
T111,T11_t4,T11_t5,SUB
T120,T40,T20,ADD
T121,T41,T21,ADD
T130,T40,T20,SUB
T131,T41,T21,SUB
T14_t0,T130,T130,MUL
T14_t1,T131,T131,MUL
T14_t2,T130,T131,ADD
T14_t3,T130,T131,ADD
T14_t4,T14_t2,T14_t3,MUL
T140,T14_t0,T14_t1,SUB
T14_t5,T14_t0,T14_t1,ADD
T141,T14_t4,T14_t5,SUB
T150,T70,T70,ADD
T151,T71,T71,ADD
T16_t0,T10,T80,MUL
T16_t1,T11,T81,MUL
T16_t2,T10,T11,ADD
T16_t3,T80,T81,ADD
T16_t4,T16_t2,T16_t3,MUL
T160,T16_t0,T16_t1,SUB
T16_t5,T16_t0,T16_t1,ADD
T161,T16_t4,T16_t5,SUB
T17_t0,T80,T150,MUL
T17_t1,T81,T151,MUL
T17_t2,T80,T81,ADD
T17_t3,T150,T151,ADD
T17_t4,T17_t2,T17_t3,MUL
T170,T17_t0,T17_t1,SUB
T17_t5,T17_t0,T17_t1,ADD
T171,T17_t4,T17_t5,SUB
T180,T50,T90,ADD
T181,T51,T91,ADD
T190,T50,T90,SUB
T191,T51,T91,SUB
T20_t0,T150,T180,MUL
T20_t1,T151,T181,MUL
T20_t2,T150,T151,ADD
T20_t3,T180,T181,ADD
T20_t4,T20_t2,T20_t3,MUL
T200,T20_t0,T20_t1,SUB
T20_t5,T20_t0,T20_t1,ADD
T201,T20_t4,T20_t5,SUB
T210,T60,T100,SUB
T211,T61,T101,SUB
T22_t0,T210,T211,SUB
T22_t1,T210,T211,ADD
T22_t2,T22_t0,T22_t1,MUL
T22_t3,T210,T211,MUL
T22_t5,T22_t3,T22_t3,SUB
T220,T22_t2,T22_t5,SUB
T221,T22_t3,T22_t3,ADD
T23_t0,T190,T191,SUB
T23_t1,T190,T191,ADD
T23_t2,T23_t0,T23_t1,MUL
T23_t3,T190,T191,MUL
T23_t5,T23_t3,T23_t3,SUB
T230,T23_t2,T23_t5,SUB
T231,T23_t3,T23_t3,ADD
T24_t0,T110,T120,MUL
T24_t1,T111,T121,MUL
T24_t2,T110,T111,ADD
T24_t3,T120,T121,ADD
T24_t4,T24_t2,T24_t3,MUL
T240,T24_t0,T24_t1,SUB
T24_t5,T24_t0,T24_t1,ADD
T241,T24_t4,T24_t5,SUB
T250,T200,T200,ADD
T251,T201,T201,ADD
Z3_t0,PX0,T140,MUL
Z3_t1,PX1,T141,MUL
Z3_t2,PX0,PX1,ADD
Z3_t3,T140,T141,ADD
Z3_t4,Z3_t2,Z3_t3,MUL
Z20_new,Z3_t0,Z3_t1,SUB
Z3_t5,Z3_t0,Z3_t1,ADD
Z21_new,Z3_t4,Z3_t5,SUB
X20_new,T220,T240,SUB
X21_new,T221,T241,SUB
Z10_new,T160,T250,ADD
Z11_new,T161,T251,ADD
X10_new,T230,T170,SUB
X11_new,T231,T171,SUB