c_qinv_denom_inv0,c_qinv_denom0,c_qinv_denom_inv_denom_inv,MUL
c_qinv_denom_inv1_,c_qinv_denom1,c_qinv_denom_inv_denom_inv,MUL
c_qinv0_t0,c_q00,c_qinv_denom_inv0,MUL
c_qinv0_t1,c_q01,c_qinv_denom_inv1_,MUL
c_qinv0_t2,c_q00,c_q01,ADD
c_qinv0_t3,c_qinv_denom_inv0,c_qinv_denom_inv1_,SUB
c_qinv0_t4,c_qinv0_t2,c_qinv0_t3,MUL
c_qinv00,c_qinv0_t0,c_qinv0_t1,ADD
c_qinv0_t5,c_qinv0_t0,c_qinv0_t1,SUB
c_qinv01,c_qinv0_t4,c_qinv0_t5,SUB
c_qinv1__t0,c_q10,c_qinv_denom_inv0,MUL
c_qinv1__t1,c_q11,c_qinv_denom_inv1_,MUL
c_qinv1__t2,c_q10,c_q11,ADD
c_qinv1__t3,c_qinv_denom_inv0,c_qinv_denom_inv1_,SUB
c_qinv1__t4,c_qinv1__t2,c_qinv1__t3,MUL
c_qinv1_0,c_qinv1__t0,c_qinv1__t1,ADD
c_qinv1__t5,c_qinv1__t0,c_qinv1__t1,SUB
c_qinv1_1,c_qinv1__t4,c_qinv1__t5,SUB
c0_t0_t0,c_pa00,c_qinv00,MUL
c0_t0_t1,c_pa01,c_qinv01,MUL
c0_t0_t2,c_pa00,c_pa01,ADD
c0_t0_t3,c_qinv00,c_qinv01,ADD
c0_t0_t4,c0_t0_t2,c0_t0_t3,MUL
c0_t00,c0_t0_t0,c0_t0_t1,SUB
c0_t0_t5,c0_t0_t0,c0_t0_t1,ADD
c0_t01,c0_t0_t4,c0_t0_t5,SUB
c0_t1_t0,c_pa10,c_qinv1_0,MUL
c0_t1_t1,c_pa11,c_qinv1_1,MUL
c0_t1_t2,c_pa10,c_pa11,ADD
c0_t1_t3,c_qinv1_0,c_qinv1_1,ADD
c0_t1_t4,c0_t1_t2,c0_t1_t3,MUL
c0_t10,c0_t1_t1,c0_t1_t0,SUB
c0_t1_t5,c0_t1_t0,c0_t1_t1,ADD
c0_t11,c0_t1_t4,c0_t1_t5,SUB
c0_t20,c_pa00,c_pa10,ADD
c0_t21,c_pa01,c_pa11,ADD
c0_t30,c_qinv00,c_qinv1_0,SUB
c0_t31,c_qinv01,c_qinv1_1,SUB
c0_t4_t0,c0_t20,c0_t30,MUL
c0_t4_t1,c0_t21,c0_t31,MUL
c0_t4_t2,c0_t20,c0_t21,ADD
c0_t4_t3,c0_t30,c0_t31,ADD
c0_t4_t4,c0_t4_t2,c0_t4_t3,MUL
c0_t40,c0_t4_t0,c0_t4_t1,SUB
c0_t4_t5,c0_t4_t0,c0_t4_t1,ADD
c0_t41,c0_t4_t4,c0_t4_t5,SUB
c0_s00,c0_t10,c0_t11,ADD
c0_s01,c0_t10,c0_t11,SUB
c000,c0_t00,c0_s00,ADD
c001,c0_t01,c0_s01,ADD
c0_t50,c0_t00,c0_t10,ADD
c0_t51,c0_t01,c0_t11,SUB
c010,c0_t40,c0_t50,SUB
c011,c0_t41,c0_t51,SUB
c1_t0_t0,c_pb00,c_qinv00,MUL
c1_t0_t1,c_pb01,c_qinv01,MUL
c1_t0_t2,c_pb00,c_pb01,ADD
c1_t0_t3,c_qinv00,c_qinv01,ADD
c1_t0_t4,c1_t0_t2,c1_t0_t3,MUL
c1_t00,c1_t0_t0,c1_t0_t1,SUB
c1_t0_t5,c1_t0_t0,c1_t0_t1,ADD
c1_t01,c1_t0_t4,c1_t0_t5,SUB
c1_t1_t0,c_pb10,c_qinv1_0,MUL
c1_t1_t1,c_pb11,c_qinv1_1,MUL
c1_t1_t2,c_pb10,c_pb11,ADD
c1_t1_t3,c_qinv1_0,c_qinv1_1,ADD
c1_t1_t4,c1_t1_t2,c1_t1_t3,MUL
c1_t10,c1_t1_t1,c1_t1_t0,SUB
c1_t1_t5,c1_t1_t0,c1_t1_t1,ADD
c1_t11,c1_t1_t4,c1_t1_t5,SUB
c1_t20,c_pb00,c_pb10,ADD
c1_t21,c_pb01,c_pb11,ADD
c1_t30,c_qinv00,c_qinv1_0,SUB
c1_t31,c_qinv01,c_qinv1_1,SUB
c1_t4_t0,c1_t20,c1_t30,MUL
c1_t4_t1,c1_t21,c1_t31,MUL
c1_t4_t2,c1_t20,c1_t21,ADD
c1_t4_t3,c1_t30,c1_t31,ADD
c1_t4_t4,c1_t4_t2,c1_t4_t3,MUL
c1_t40,c1_t4_t0,c1_t4_t1,SUB
c1_t4_t5,c1_t4_t0,c1_t4_t1,ADD
c1_t41,c1_t4_t4,c1_t4_t5,SUB
c1_s00,c1_t10,c1_t11,ADD
c1_s01,c1_t10,c1_t11,SUB
c100,c1_t00,c1_s00,ADD
c101,c1_t01,c1_s01,ADD
c1_t50,c1_t00,c1_t10,ADD
c1_t51,c1_t01,c1_t11,SUB
c110,c1_t40,c1_t50,SUB
c111,c1_t41,c1_t51,SUB
c2_t0_t0,c_pc00,c_qinv00,MUL
c2_t0_t1,c_pc01,c_qinv01,MUL
c2_t0_t2,c_pc00,c_pc01,ADD
c2_t0_t3,c_qinv00,c_qinv01,ADD
c2_t0_t4,c2_t0_t2,c2_t0_t3,MUL
c2_t00,c2_t0_t0,c2_t0_t1,SUB
c2_t0_t5,c2_t0_t0,c2_t0_t1,ADD
c2_t01,c2_t0_t4,c2_t0_t5,SUB
c2_t1_t0,c_pc10,c_qinv1_0,MUL
c2_t1_t1,c_pc11,c_qinv1_1,MUL
c2_t1_t2,c_pc10,c_pc11,ADD
c2_t1_t3,c_qinv1_0,c_qinv1_1,ADD
c2_t1_t4,c2_t1_t2,c2_t1_t3,MUL
c2_t10,c2_t1_t1,c2_t1_t0,SUB
c2_t1_t5,c2_t1_t0,c2_t1_t1,ADD
c2_t11,c2_t1_t4,c2_t1_t5,SUB
c2_t20,c_pc00,c_pc10,ADD
c2_t21,c_pc01,c_pc11,ADD
c2_t30,c_qinv00,c_qinv1_0,SUB
c2_t31,c_qinv01,c_qinv1_1,SUB
c2_t4_t0,c2_t20,c2_t30,MUL
c2_t4_t1,c2_t21,c2_t31,MUL
c2_t4_t2,c2_t20,c2_t21,ADD
c2_t4_t3,c2_t30,c2_t31,ADD
c2_t4_t4,c2_t4_t2,c2_t4_t3,MUL
c2_t40,c2_t4_t0,c2_t4_t1,SUB
c2_t4_t5,c2_t4_t0,c2_t4_t1,ADD
c2_t41,c2_t4_t4,c2_t4_t5,SUB
c2_s00,c2_t10,c2_t11,ADD
c2_s01,c2_t10,c2_t11,SUB
c200,c2_t00,c2_s00,ADD
c201,c2_t01,c2_s01,ADD
c2_t50,c2_t00,c2_t10,ADD
c2_t51,c2_t01,c2_t11,SUB
c210,c2_t40,c2_t50,SUB
c211,c2_t41,c2_t51,SUB
