d_t0_a1_0,a010,a011,SUB
d_t0_a1_1,a011,a010,ADD
d_t0_t00,a000,d_t0_a1_0,ADD
d_t0_t01,a001,d_t0_a1_1,ADD
d_t0_t10,a000,a010,ADD
d_t0_t11,a001,a011,ADD
d_t0_t2_t0,d_t0_t00,d_t0_t10,MUL
d_t0_t2_t1,d_t0_t01,d_t0_t11,MUL
d_t0_t2_t2,d_t0_t00,d_t0_t01,ADD
d_t0_t2_t3,d_t0_t10,d_t0_t11,ADD
d_t0_t2_t4,d_t0_t2_t2,d_t0_t2_t3,MUL
d_t0_t20,d_t0_t2_t0,d_t0_t2_t1,SUB
d_t0_t2_t5,d_t0_t2_t0,d_t0_t2_t1,ADD
d_t0_t21,d_t0_t2_t4,d_t0_t2_t5,SUB
d_t0_t3_t0,a000,a010,MUL
d_t0_t3_t1,a001,a011,MUL
d_t0_t3_t2,a000,a001,ADD
d_t0_t3_t3,a010,a011,ADD
d_t0_t3_t4,d_t0_t3_t2,d_t0_t3_t3,MUL
d_t0_t30,d_t0_t3_t0,d_t0_t3_t1,SUB
d_t0_t3_t5,d_t0_t3_t0,d_t0_t3_t1,ADD
d_t0_t31,d_t0_t3_t4,d_t0_t3_t5,SUB
d_t0_t40,d_t0_t30,d_t0_t31,SUB
d_t0_t41,d_t0_t31,d_t0_t30,ADD
d_t0_t50,d_t0_t30,d_t0_t40,ADD
d_t0_t51,d_t0_t31,d_t0_t41,ADD
d_t000,d_t0_t20,d_t0_t50,SUB
d_t001,d_t0_t21,d_t0_t51,SUB
d_t010,d_t0_t30,d_t0_t30,ADD
d_t011,d_t0_t31,d_t0_t31,ADD
d_t1_a1_0,a110,a111,SUB
d_t1_a1_1,a111,a110,ADD
d_t1_t00,a100,d_t1_a1_0,ADD
d_t1_t01,a101,d_t1_a1_1,ADD
d_t1_t10,a100,a110,ADD
d_t1_t11,a101,a111,ADD
d_t1_t2_t0,d_t1_t00,d_t1_t10,MUL
d_t1_t2_t1,d_t1_t01,d_t1_t11,MUL
d_t1_t2_t2,d_t1_t00,d_t1_t01,ADD
d_t1_t2_t3,d_t1_t10,d_t1_t11,ADD
d_t1_t2_t4,d_t1_t2_t2,d_t1_t2_t3,MUL
d_t1_t20,d_t1_t2_t0,d_t1_t2_t1,SUB
d_t1_t2_t5,d_t1_t2_t0,d_t1_t2_t1,ADD
d_t1_t21,d_t1_t2_t4,d_t1_t2_t5,SUB
d_t1_t3_t0,a100,a110,MUL
d_t1_t3_t1,a101,a111,MUL
d_t1_t3_t2,a100,a101,ADD
d_t1_t3_t3,a110,a111,ADD
d_t1_t3_t4,d_t1_t3_t2,d_t1_t3_t3,MUL
d_t1_t30,d_t1_t3_t0,d_t1_t3_t1,SUB
d_t1_t3_t5,d_t1_t3_t0,d_t1_t3_t1,ADD
d_t1_t31,d_t1_t3_t4,d_t1_t3_t5,SUB
d_t1_t40,d_t1_t30,d_t1_t31,SUB
d_t1_t41,d_t1_t31,d_t1_t30,ADD
d_t1_t50,d_t1_t30,d_t1_t40,ADD
d_t1_t51,d_t1_t31,d_t1_t41,ADD
d_t100,d_t1_t20,d_t1_t50,SUB
d_t101,d_t1_t21,d_t1_t51,SUB
d_t110,d_t1_t30,d_t1_t30,ADD
d_t111,d_t1_t31,d_t1_t31,ADD
d_t2_a1_0,a210,a211,SUB
d_t2_a1_1,a211,a210,ADD
d_t2_t00,a200,d_t2_a1_0,ADD
d_t2_t01,a201,d_t2_a1_1,ADD
d_t2_t10,a200,a210,ADD
d_t2_t11,a201,a211,ADD
d_t2_t2_t0,d_t2_t00,d_t2_t10,MUL
d_t2_t2_t1,d_t2_t01,d_t2_t11,MUL
d_t2_t2_t2,d_t2_t00,d_t2_t01,ADD
d_t2_t2_t3,d_t2_t10,d_t2_t11,ADD
d_t2_t2_t4,d_t2_t2_t2,d_t2_t2_t3,MUL
d_t2_t20,d_t2_t2_t0,d_t2_t2_t1,SUB
d_t2_t2_t5,d_t2_t2_t0,d_t2_t2_t1,ADD
d_t2_t21,d_t2_t2_t4,d_t2_t2_t5,SUB
d_t2_t3_t0,a200,a210,MUL
d_t2_t3_t1,a201,a211,MUL
d_t2_t3_t2,a200,a201,ADD
d_t2_t3_t3,a210,a211,ADD
d_t2_t3_t4,d_t2_t3_t2,d_t2_t3_t3,MUL
d_t2_t30,d_t2_t3_t0,d_t2_t3_t1,SUB
d_t2_t3_t5,d_t2_t3_t0,d_t2_t3_t1,ADD
d_t2_t31,d_t2_t3_t4,d_t2_t3_t5,SUB
d_t2_t40,d_t2_t30,d_t2_t31,SUB
d_t2_t41,d_t2_t31,d_t2_t30,ADD
d_t2_t50,d_t2_t30,d_t2_t40,ADD
d_t2_t51,d_t2_t31,d_t2_t41,ADD
d_t200,d_t2_t20,d_t2_t50,SUB
d_t201,d_t2_t21,d_t2_t51,SUB
d_t210,d_t2_t30,d_t2_t30,ADD
d_t211,d_t2_t31,d_t2_t31,ADD
d_t3000,a000,a100,ADD
d_t3001,a001,a101,ADD
d_t3010,a010,a110,ADD
d_t3011,a011,a111,ADD
d_t3_a1_0,d_t3010,d_t3011,SUB
d_t3_a1_1,d_t3011,d_t3010,ADD
d_t3_t00,d_t3000,d_t3_a1_0,ADD
d_t3_t01,d_t3001,d_t3_a1_1,ADD
d_t3_t10,d_t3000,d_t3010,ADD
d_t3_t11,d_t3001,d_t3011,ADD
d_t3_t2_t0,d_t3_t00,d_t3_t10,MUL
d_t3_t2_t1,d_t3_t01,d_t3_t11,MUL
d_t3_t2_t2,d_t3_t00,d_t3_t01,ADD
d_t3_t2_t3,d_t3_t10,d_t3_t11,ADD
d_t3_t2_t4,d_t3_t2_t2,d_t3_t2_t3,MUL
d_t3_t20,d_t3_t2_t0,d_t3_t2_t1,SUB
d_t3_t2_t5,d_t3_t2_t0,d_t3_t2_t1,ADD
d_t3_t21,d_t3_t2_t4,d_t3_t2_t5,SUB
d_t3_t3_t0,d_t3000,d_t3010,MUL
d_t3_t3_t1,d_t3001,d_t3011,MUL
d_t3_t3_t2,d_t3000,d_t3001,ADD
d_t3_t3_t3,d_t3010,d_t3011,ADD
d_t3_t3_t4,d_t3_t3_t2,d_t3_t3_t3,MUL
d_t3_t30,d_t3_t3_t0,d_t3_t3_t1,SUB
d_t3_t3_t5,d_t3_t3_t0,d_t3_t3_t1,ADD
d_t3_t31,d_t3_t3_t4,d_t3_t3_t5,SUB
d_t3_t40,d_t3_t30,d_t3_t31,SUB
d_t3_t41,d_t3_t31,d_t3_t30,ADD
d_t3_t50,d_t3_t30,d_t3_t40,ADD
d_t3_t51,d_t3_t31,d_t3_t41,ADD
d_t300,d_t3_t20,d_t3_t50,SUB
d_t301,d_t3_t21,d_t3_t51,SUB
d_t310,d_t3_t30,d_t3_t30,ADD
d_t311,d_t3_t31,d_t3_t31,ADD
d_t4000,a100,a200,ADD
d_t4001,a101,a201,ADD
d_t4010,a110,a210,ADD
d_t4011,a111,a211,ADD
d_t4_a1_0,d_t4010,d_t4011,SUB
d_t4_a1_1,d_t4011,d_t4010,ADD
d_t4_t00,d_t4000,d_t4_a1_0,ADD
d_t4_t01,d_t4001,d_t4_a1_1,ADD
d_t4_t10,d_t4000,d_t4010,ADD
d_t4_t11,d_t4001,d_t4011,ADD
d_t4_t2_t0,d_t4_t00,d_t4_t10,MUL
d_t4_t2_t1,d_t4_t01,d_t4_t11,MUL
d_t4_t2_t2,d_t4_t00,d_t4_t01,ADD
d_t4_t2_t3,d_t4_t10,d_t4_t11,ADD
d_t4_t2_t4,d_t4_t2_t2,d_t4_t2_t3,MUL
d_t4_t20,d_t4_t2_t0,d_t4_t2_t1,SUB
d_t4_t2_t5,d_t4_t2_t0,d_t4_t2_t1,ADD
d_t4_t21,d_t4_t2_t4,d_t4_t2_t5,SUB
d_t4_t3_t0,d_t4000,d_t4010,MUL
d_t4_t3_t1,d_t4001,d_t4011,MUL
d_t4_t3_t2,d_t4000,d_t4001,ADD
d_t4_t3_t3,d_t4010,d_t4011,ADD
d_t4_t3_t4,d_t4_t3_t2,d_t4_t3_t3,MUL
d_t4_t30,d_t4_t3_t0,d_t4_t3_t1,SUB
d_t4_t3_t5,d_t4_t3_t0,d_t4_t3_t1,ADD
d_t4_t31,d_t4_t3_t4,d_t4_t3_t5,SUB
d_t4_t40,d_t4_t30,d_t4_t31,SUB
d_t4_t41,d_t4_t31,d_t4_t30,ADD
d_t4_t50,d_t4_t30,d_t4_t40,ADD
d_t4_t51,d_t4_t31,d_t4_t41,ADD
d_t400,d_t4_t20,d_t4_t50,SUB
d_t401,d_t4_t21,d_t4_t51,SUB
d_t410,d_t4_t30,d_t4_t30,ADD
d_t411,d_t4_t31,d_t4_t31,ADD
d_t5000,a200,a000,ADD
d_t5001,a201,a001,ADD
d_t5010,a210,a010,ADD
d_t5011,a211,a011,ADD
d_t5_a1_0,d_t5010,d_t5011,SUB
d_t5_a1_1,d_t5011,d_t5010,ADD
d_t5_t00,d_t5000,d_t5_a1_0,ADD
d_t5_t01,d_t5001,d_t5_a1_1,ADD
d_t5_t10,d_t5000,d_t5010,ADD
d_t5_t11,d_t5001,d_t5011,ADD
d_t5_t2_t0,d_t5_t00,d_t5_t10,MUL
d_t5_t2_t1,d_t5_t01,d_t5_t11,MUL
d_t5_t2_t2,d_t5_t00,d_t5_t01,ADD
d_t5_t2_t3,d_t5_t10,d_t5_t11,ADD
d_t5_t2_t4,d_t5_t2_t2,d_t5_t2_t3,MUL
d_t5_t20,d_t5_t2_t0,d_t5_t2_t1,SUB
d_t5_t2_t5,d_t5_t2_t0,d_t5_t2_t1,ADD
d_t5_t21,d_t5_t2_t4,d_t5_t2_t5,SUB
d_t5_t3_t0,d_t5000,d_t5010,MUL
d_t5_t3_t1,d_t5001,d_t5011,MUL
d_t5_t3_t2,d_t5000,d_t5001,ADD
d_t5_t3_t3,d_t5010,d_t5011,ADD
d_t5_t3_t4,d_t5_t3_t2,d_t5_t3_t3,MUL
d_t5_t30,d_t5_t3_t0,d_t5_t3_t1,SUB
d_t5_t3_t5,d_t5_t3_t0,d_t5_t3_t1,ADD
d_t5_t31,d_t5_t3_t4,d_t5_t3_t5,SUB
d_t5_t40,d_t5_t30,d_t5_t31,SUB
d_t5_t41,d_t5_t31,d_t5_t30,ADD
d_t5_t50,d_t5_t30,d_t5_t40,ADD
d_t5_t51,d_t5_t31,d_t5_t41,ADD
d_t500,d_t5_t20,d_t5_t50,SUB
d_t501,d_t5_t21,d_t5_t51,SUB
d_t510,d_t5_t30,d_t5_t30,ADD
d_t511,d_t5_t31,d_t5_t31,ADD
d_s0000,d_t000,d_t100,ADD
d_s0001,d_t001,d_t101,ADD
d_s0010,d_t010,d_t110,ADD
d_s0011,d_t011,d_t111,ADD
d_s000,d_t300,d_s0000,SUB
d_s001,d_t301,d_s0001,SUB
d_s010,d_t310,d_s0010,SUB
d_s011,d_t311,d_s0011,SUB
d_s1000,d_t100,d_t200,ADD
d_s1001,d_t101,d_t201,ADD
d_s1010,d_t110,d_t210,ADD
d_s1011,d_t111,d_t211,ADD
d_s1100,d_t400,d_s1000,SUB
d_s1101,d_t401,d_s1001,SUB
d_s1110,d_t410,d_s1010,SUB
d_s1111,d_t411,d_s1011,SUB
d_s2000,d_t200,d_t000,ADD
d_s2001,d_t201,d_t001,ADD
d_s2010,d_t210,d_t010,ADD
d_s2011,d_t211,d_t011,ADD
d_s200,d_t500,d_s2000,SUB
d_s201,d_t501,d_s2001,SUB
d_s210,d_t510,d_s2010,SUB
d_s211,d_t511,d_s2011,SUB
d_s1_y1_0,d_s1110,d_s1111,SUB
d_s1_y1_1,d_s1111,d_s1110,ADD
d_t6_y1_0,d_t210,d_t211,SUB
d_t6_y1_1,d_t211,d_t210,ADD
d000,d_t000,d_s1_y1_0,ADD
d001,d_t001,d_s1_y1_1,ADD
d010,d_t010,d_s1100,ADD
d011,d_t011,d_s1101,ADD
d100,d_s000,d_t6_y1_0,ADD
d101,d_s001,d_t6_y1_1,ADD
d110,d_s010,d_t200,ADD
d111,d_s011,d_t201,ADD
d200,d_t100,d_s200,ADD
d201,d_t101,d_s201,ADD
d210,d_t110,d_s210,ADD
d211,d_t111,d_s211,ADD
c_t0_t0_t0,a000,b000,MUL
c_t0_t0_t1,a001,b001,MUL
c_t0_t0_t2,a000,a001,ADD
c_t0_t0_t3,b000,b001,ADD
c_t0_t0_t4,c_t0_t0_t2,c_t0_t0_t3,MUL
c_t0_t00,c_t0_t0_t0,c_t0_t0_t1,SUB
c_t0_t0_t5,c_t0_t0_t0,c_t0_t0_t1,ADD
c_t0_t01,c_t0_t0_t4,c_t0_t0_t5,SUB
c_t0_t1_t0,a010,b010,MUL
c_t0_t1_t1,a011,b011,MUL
c_t0_t1_t2,a010,a011,ADD
c_t0_t1_t3,b010,b011,ADD
c_t0_t1_t4,c_t0_t1_t2,c_t0_t1_t3,MUL
c_t0_t10,c_t0_t1_t0,c_t0_t1_t1,SUB
c_t0_t1_t5,c_t0_t1_t0,c_t0_t1_t1,ADD
c_t0_t11,c_t0_t1_t4,c_t0_t1_t5,SUB
c_t0_t20,a000,a010,ADD
c_t0_t21,a001,a011,ADD
c_t0_t30,b000,b010,ADD
c_t0_t31,b001,b011,ADD
c_t0_t4_t0,c_t0_t20,c_t0_t30,MUL
c_t0_t4_t1,c_t0_t21,c_t0_t31,MUL
c_t0_t4_t2,c_t0_t20,c_t0_t21,ADD
c_t0_t4_t3,c_t0_t30,c_t0_t31,ADD
c_t0_t4_t4,c_t0_t4_t2,c_t0_t4_t3,MUL
c_t0_t40,c_t0_t4_t0,c_t0_t4_t1,SUB
c_t0_t4_t5,c_t0_t4_t0,c_t0_t4_t1,ADD
c_t0_t41,c_t0_t4_t4,c_t0_t4_t5,SUB
c_t0_s00,c_t0_t10,c_t0_t11,SUB
c_t0_s01,c_t0_t11,c_t0_t10,ADD
c_t000,c_t0_t00,c_t0_s00,ADD
c_t001,c_t0_t01,c_t0_s01,ADD
c_t0_t50,c_t0_t00,c_t0_t10,ADD
c_t0_t51,c_t0_t01,c_t0_t11,ADD
c_t010,c_t0_t40,c_t0_t50,SUB
c_t011,c_t0_t41,c_t0_t51,SUB
c_t1_t0_t0,a100,b100,MUL
c_t1_t0_t1,a101,b101,MUL
c_t1_t0_t2,a100,a101,ADD
c_t1_t0_t3,b100,b101,ADD
c_t1_t0_t4,c_t1_t0_t2,c_t1_t0_t3,MUL
c_t1_t00,c_t1_t0_t0,c_t1_t0_t1,SUB
c_t1_t0_t5,c_t1_t0_t0,c_t1_t0_t1,ADD
c_t1_t01,c_t1_t0_t4,c_t1_t0_t5,SUB
c_t1_t1_t0,a110,b110,MUL
c_t1_t1_t1,a111,b111,MUL
c_t1_t1_t2,a110,a111,ADD
c_t1_t1_t3,b110,b111,ADD
c_t1_t1_t4,c_t1_t1_t2,c_t1_t1_t3,MUL
c_t1_t10,c_t1_t1_t0,c_t1_t1_t1,SUB
c_t1_t1_t5,c_t1_t1_t0,c_t1_t1_t1,ADD
c_t1_t11,c_t1_t1_t4,c_t1_t1_t5,SUB
c_t1_t20,a100,a110,ADD
c_t1_t21,a101,a111,ADD
c_t1_t30,b100,b110,ADD
c_t1_t31,b101,b111,ADD
c_t1_t4_t0,c_t1_t20,c_t1_t30,MUL
c_t1_t4_t1,c_t1_t21,c_t1_t31,MUL
c_t1_t4_t2,c_t1_t20,c_t1_t21,ADD
c_t1_t4_t3,c_t1_t30,c_t1_t31,ADD
c_t1_t4_t4,c_t1_t4_t2,c_t1_t4_t3,MUL
c_t1_t40,c_t1_t4_t0,c_t1_t4_t1,SUB
c_t1_t4_t5,c_t1_t4_t0,c_t1_t4_t1,ADD
c_t1_t41,c_t1_t4_t4,c_t1_t4_t5,SUB
c_t1_s00,c_t1_t10,c_t1_t11,SUB
c_t1_s01,c_t1_t11,c_t1_t10,ADD
c_t100,c_t1_t00,c_t1_s00,ADD
c_t101,c_t1_t01,c_t1_s01,ADD
c_t1_t50,c_t1_t00,c_t1_t10,ADD
c_t1_t51,c_t1_t01,c_t1_t11,ADD
c_t110,c_t1_t40,c_t1_t50,SUB
c_t111,c_t1_t41,c_t1_t51,SUB
c_t2_t0_t0,a200,b200,MUL
c_t2_t0_t1,a201,b201,MUL
c_t2_t0_t2,a200,a201,ADD
c_t2_t0_t3,b200,b201,ADD
c_t2_t0_t4,c_t2_t0_t2,c_t2_t0_t3,MUL
c_t2_t00,c_t2_t0_t0,c_t2_t0_t1,SUB
c_t2_t0_t5,c_t2_t0_t0,c_t2_t0_t1,ADD
c_t2_t01,c_t2_t0_t4,c_t2_t0_t5,SUB
c_t2_t1_t0,a210,b210,MUL
c_t2_t1_t1,a211,b211,MUL
c_t2_t1_t2,a210,a211,ADD
c_t2_t1_t3,b210,b211,ADD
c_t2_t1_t4,c_t2_t1_t2,c_t2_t1_t3,MUL
c_t2_t10,c_t2_t1_t0,c_t2_t1_t1,SUB
c_t2_t1_t5,c_t2_t1_t0,c_t2_t1_t1,ADD
c_t2_t11,c_t2_t1_t4,c_t2_t1_t5,SUB
c_t2_t20,a200,a210,ADD
c_t2_t21,a201,a211,ADD
c_t2_t30,b200,b210,ADD
c_t2_t31,b201,b211,ADD
c_t2_t4_t0,c_t2_t20,c_t2_t30,MUL
c_t2_t4_t1,c_t2_t21,c_t2_t31,MUL
c_t2_t4_t2,c_t2_t20,c_t2_t21,ADD
c_t2_t4_t3,c_t2_t30,c_t2_t31,ADD
c_t2_t4_t4,c_t2_t4_t2,c_t2_t4_t3,MUL
c_t2_t40,c_t2_t4_t0,c_t2_t4_t1,SUB
c_t2_t4_t5,c_t2_t4_t0,c_t2_t4_t1,ADD
c_t2_t41,c_t2_t4_t4,c_t2_t4_t5,SUB
c_t2_s00,c_t2_t10,c_t2_t11,SUB
c_t2_s01,c_t2_t11,c_t2_t10,ADD
c_t200,c_t2_t00,c_t2_s00,ADD
c_t201,c_t2_t01,c_t2_s01,ADD
c_t2_t50,c_t2_t00,c_t2_t10,ADD
c_t2_t51,c_t2_t01,c_t2_t11,ADD
c_t210,c_t2_t40,c_t2_t50,SUB
c_t211,c_t2_t41,c_t2_t51,SUB
c_t3000,a000,a100,ADD
c_t3001,a001,a101,ADD
c_t3010,a010,a110,ADD
c_t3011,a011,a111,ADD
c_t3100,b000,b100,ADD
c_t3101,b001,b101,ADD
c_t3110,b010,b110,ADD
c_t3111,b011,b111,ADD
c_t3_t0_t0,c_t3000,c_t3100,MUL
c_t3_t0_t1,c_t3001,c_t3101,MUL
c_t3_t0_t2,c_t3000,c_t3001,ADD
c_t3_t0_t3,c_t3100,c_t3101,ADD
c_t3_t0_t4,c_t3_t0_t2,c_t3_t0_t3,MUL
c_t3_t00,c_t3_t0_t0,c_t3_t0_t1,SUB
c_t3_t0_t5,c_t3_t0_t0,c_t3_t0_t1,ADD
c_t3_t01,c_t3_t0_t4,c_t3_t0_t5,SUB
c_t3_t1_t0,c_t3010,c_t3110,MUL
c_t3_t1_t1,c_t3011,c_t3111,MUL
c_t3_t1_t2,c_t3010,c_t3011,ADD
c_t3_t1_t3,c_t3110,c_t3111,ADD
c_t3_t1_t4,c_t3_t1_t2,c_t3_t1_t3,MUL
c_t3_t10,c_t3_t1_t0,c_t3_t1_t1,SUB
c_t3_t1_t5,c_t3_t1_t0,c_t3_t1_t1,ADD
c_t3_t11,c_t3_t1_t4,c_t3_t1_t5,SUB
c_t3_t20,c_t3000,c_t3010,ADD
c_t3_t21,c_t3001,c_t3011,ADD
c_t3_t30,c_t3100,c_t3110,ADD
c_t3_t31,c_t3101,c_t3111,ADD
c_t3_t4_t0,c_t3_t20,c_t3_t30,MUL
c_t3_t4_t1,c_t3_t21,c_t3_t31,MUL
c_t3_t4_t2,c_t3_t20,c_t3_t21,ADD
c_t3_t4_t3,c_t3_t30,c_t3_t31,ADD
c_t3_t4_t4,c_t3_t4_t2,c_t3_t4_t3,MUL
c_t3_t40,c_t3_t4_t0,c_t3_t4_t1,SUB
c_t3_t4_t5,c_t3_t4_t0,c_t3_t4_t1,ADD
c_t3_t41,c_t3_t4_t4,c_t3_t4_t5,SUB
c_t3_s00,c_t3_t10,c_t3_t11,SUB
c_t3_s01,c_t3_t11,c_t3_t10,ADD
c_t300,c_t3_t00,c_t3_s00,ADD
c_t301,c_t3_t01,c_t3_s01,ADD
c_t3_t50,c_t3_t00,c_t3_t10,ADD
c_t3_t51,c_t3_t01,c_t3_t11,ADD
c_t310,c_t3_t40,c_t3_t50,SUB
c_t311,c_t3_t41,c_t3_t51,SUB
c_t4000,a100,a200,ADD
c_t4001,a101,a201,ADD
c_t4010,a110,a210,ADD
c_t4011,a111,a211,ADD
c_t4100,b100,b200,ADD
c_t4101,b101,b201,ADD
c_t4110,b110,b210,ADD
c_t4111,b111,b211,ADD
c_t4_t0_t0,c_t4000,c_t4100,MUL
c_t4_t0_t1,c_t4001,c_t4101,MUL
c_t4_t0_t2,c_t4000,c_t4001,ADD
c_t4_t0_t3,c_t4100,c_t4101,ADD
c_t4_t0_t4,c_t4_t0_t2,c_t4_t0_t3,MUL
c_t4_t00,c_t4_t0_t0,c_t4_t0_t1,SUB
c_t4_t0_t5,c_t4_t0_t0,c_t4_t0_t1,ADD
c_t4_t01,c_t4_t0_t4,c_t4_t0_t5,SUB
c_t4_t1_t0,c_t4010,c_t4110,MUL
c_t4_t1_t1,c_t4011,c_t4111,MUL
c_t4_t1_t2,c_t4010,c_t4011,ADD
c_t4_t1_t3,c_t4110,c_t4111,ADD
c_t4_t1_t4,c_t4_t1_t2,c_t4_t1_t3,MUL
c_t4_t10,c_t4_t1_t0,c_t4_t1_t1,SUB
c_t4_t1_t5,c_t4_t1_t0,c_t4_t1_t1,ADD
c_t4_t11,c_t4_t1_t4,c_t4_t1_t5,SUB
c_t4_t20,c_t4000,c_t4010,ADD
c_t4_t21,c_t4001,c_t4011,ADD
c_t4_t30,c_t4100,c_t4110,ADD
c_t4_t31,c_t4101,c_t4111,ADD
c_t4_t4_t0,c_t4_t20,c_t4_t30,MUL
c_t4_t4_t1,c_t4_t21,c_t4_t31,MUL
c_t4_t4_t2,c_t4_t20,c_t4_t21,ADD
c_t4_t4_t3,c_t4_t30,c_t4_t31,ADD
c_t4_t4_t4,c_t4_t4_t2,c_t4_t4_t3,MUL
c_t4_t40,c_t4_t4_t0,c_t4_t4_t1,SUB
c_t4_t4_t5,c_t4_t4_t0,c_t4_t4_t1,ADD
c_t4_t41,c_t4_t4_t4,c_t4_t4_t5,SUB
c_t4_s00,c_t4_t10,c_t4_t11,SUB
c_t4_s01,c_t4_t11,c_t4_t10,ADD
c_t400,c_t4_t00,c_t4_s00,ADD
c_t401,c_t4_t01,c_t4_s01,ADD
c_t4_t50,c_t4_t00,c_t4_t10,ADD
c_t4_t51,c_t4_t01,c_t4_t11,ADD
c_t410,c_t4_t40,c_t4_t50,SUB
c_t411,c_t4_t41,c_t4_t51,SUB
c_t5000,a200,a000,ADD
c_t5001,a201,a001,ADD
c_t5010,a210,a010,ADD
c_t5011,a211,a011,ADD
c_t5100,b200,b000,ADD
c_t5101,b201,b001,ADD
c_t5110,b210,b010,ADD
c_t5111,b211,b011,ADD
c_t5_t0_t0,c_t5000,c_t5100,MUL
c_t5_t0_t1,c_t5001,c_t5101,MUL
c_t5_t0_t2,c_t5000,c_t5001,ADD
c_t5_t0_t3,c_t5100,c_t5101,ADD
c_t5_t0_t4,c_t5_t0_t2,c_t5_t0_t3,MUL
c_t5_t00,c_t5_t0_t0,c_t5_t0_t1,SUB
c_t5_t0_t5,c_t5_t0_t0,c_t5_t0_t1,ADD
c_t5_t01,c_t5_t0_t4,c_t5_t0_t5,SUB
c_t5_t1_t0,c_t5010,c_t5110,MUL
c_t5_t1_t1,c_t5011,c_t5111,MUL
c_t5_t1_t2,c_t5010,c_t5011,ADD
c_t5_t1_t3,c_t5110,c_t5111,ADD
c_t5_t1_t4,c_t5_t1_t2,c_t5_t1_t3,MUL
c_t5_t10,c_t5_t1_t0,c_t5_t1_t1,SUB
c_t5_t1_t5,c_t5_t1_t0,c_t5_t1_t1,ADD
c_t5_t11,c_t5_t1_t4,c_t5_t1_t5,SUB
c_t5_t20,c_t5000,c_t5010,ADD
c_t5_t21,c_t5001,c_t5011,ADD
c_t5_t30,c_t5100,c_t5110,ADD
c_t5_t31,c_t5101,c_t5111,ADD
c_t5_t4_t0,c_t5_t20,c_t5_t30,MUL
c_t5_t4_t1,c_t5_t21,c_t5_t31,MUL
c_t5_t4_t2,c_t5_t20,c_t5_t21,ADD
c_t5_t4_t3,c_t5_t30,c_t5_t31,ADD
c_t5_t4_t4,c_t5_t4_t2,c_t5_t4_t3,MUL
c_t5_t40,c_t5_t4_t0,c_t5_t4_t1,SUB
c_t5_t4_t5,c_t5_t4_t0,c_t5_t4_t1,ADD
c_t5_t41,c_t5_t4_t4,c_t5_t4_t5,SUB
c_t5_s00,c_t5_t10,c_t5_t11,SUB
c_t5_s01,c_t5_t11,c_t5_t10,ADD
c_t500,c_t5_t00,c_t5_s00,ADD
c_t501,c_t5_t01,c_t5_s01,ADD
c_t5_t50,c_t5_t00,c_t5_t10,ADD
c_t5_t51,c_t5_t01,c_t5_t11,ADD
c_t510,c_t5_t40,c_t5_t50,SUB
c_t511,c_t5_t41,c_t5_t51,SUB
c_t6000,c_t000,c_t100,ADD
c_t6001,c_t001,c_t101,ADD
c_t6010,c_t010,c_t110,ADD
c_t6011,c_t011,c_t111,ADD
c_t600,c_t300,c_t6000,SUB
c_t601,c_t301,c_t6001,SUB
c_t610,c_t310,c_t6010,SUB
c_t611,c_t311,c_t6011,SUB
c_t9_y1_0,c_t210,c_t211,SUB
c_t9_y1_1,c_t211,c_t210,ADD
c100,c_t600,c_t9_y1_0,ADD
c101,c_t601,c_t9_y1_1,ADD
c110,c_t610,c_t200,ADD
c111,c_t611,c_t201,ADD
c_t7000,c_t100,c_t200,ADD
c_t7001,c_t101,c_t201,ADD
c_t7010,c_t110,c_t210,ADD
c_t7011,c_t111,c_t211,ADD
c_t7100,c_t400,c_t7000,SUB
c_t7101,c_t401,c_t7001,SUB
c_t7110,c_t410,c_t7010,SUB
c_t7111,c_t411,c_t7011,SUB
c_t7_y1_0,c_t7110,c_t7111,SUB
c_t7_y1_1,c_t7111,c_t7110,ADD
c000,c_t000,c_t7_y1_0,ADD
c001,c_t001,c_t7_y1_1,ADD
c010,c_t010,c_t7100,ADD
c011,c_t011,c_t7101,ADD
c_t8000,c_t200,c_t000,ADD
c_t8001,c_t201,c_t001,ADD
c_t8010,c_t210,c_t010,ADD
c_t8011,c_t211,c_t011,ADD
c_t800,c_t500,c_t8000,SUB
c_t801,c_t501,c_t8001,SUB
c_t810,c_t510,c_t8010,SUB
c_t811,c_t511,c_t8011,SUB
c200,c_t800,c_t100,ADD
c201,c_t801,c_t101,ADD
c210,c_t810,c_t110,ADD
c211,c_t811,c_t111,ADD
                                                                                        