Z_exp2,Z_Hash0,Z_Hash0,MUL
Z_exp3,Z_exp2,Z_Hash0,MUL
Z_exp4,Z_exp3,Z_Hash0,MUL
Z_exp5,Z_exp4,Z_Hash0,MUL
Z_exp6,Z_exp5,Z_Hash0,MUL
Z_exp7,Z_exp6,Z_Hash0,MUL
Z_exp8,Z_exp7,Z_Hash0,MUL
Z_exp9,Z_exp8,Z_Hash0,MUL
Z_exp10,Z_exp9,Z_Hash0,MUL
Z_exp11,Z_exp10,Z_Hash0,MUL
Z_exp12,Z_exp11,Z_Hash0,MUL
Z_exp13,Z_exp12,Z_Hash0,MUL
Z_exp14,Z_exp13,Z_Hash0,MUL
Z_exp15,Z_exp14,Z_Hash0,MUL
Z_exp16,Z_exp15,Z_Hash0,MUL

NX0,k0_11,X_Hash0,MUL
k0_10_Z1,k0_10,Z_Hash0,MUL
NX1_,NX0,k0_10_Z1,ADD
NX1,NX1_,X_Hash0,MUL
k0_9_Z2,k0_9,Z_exp2,MUL
NX2_,NX1,k0_9_Z2,ADD
NX2,NX2_,X_Hash0,MUL
k0_8_Z3,k0_8,Z_exp3,MUL
NX3_,NX2,k0_8_Z3,ADD
NX3,NX3_,X_Hash0,MUL
k0_7_Z4,k0_7,Z_exp4,MUL
NX4_,NX3,k0_7_Z4,ADD
NX4,NX4_,X_Hash0,MUL
k0_6_Z5,k0_6,Z_exp5,MUL
NX5_,NX4,k0_6_Z5,ADD
NX5,NX5_,X_Hash0,MUL
k0_5_Z6,k0_5,Z_exp6,MUL
NX6_,NX5,k0_5_Z6,ADD
NX6,NX6_,X_Hash0,MUL
k0_4_Z7,k0_4,Z_exp7,MUL
NX7_,NX6,k0_4_Z7,ADD
NX7,NX7_,X_Hash0,MUL
k0_3_Z8,k0_3,Z_exp8,MUL
NX8_,NX7,k0_3_Z8,ADD
NX8,NX8_,X_Hash0,MUL
k0_2_Z9,k0_2,Z_exp9,MUL
NX9_,NX8,k0_2_Z9,ADD
NX9,NX9_,X_Hash0,MUL
k0_1_Z10,k0_1,Z_exp10,MUL
NX10_,NX9,k0_1_Z10,ADD
NX10,NX10_,X_Hash0,MUL
k0_0_Z11,k0_0,Z_exp11,MUL
NX,NX10,k0_0_Z11,ADD

DX0,Z_Hash0,X_Hash0,MUL
k1_9_Z2,k1_9,Z_exp2,MUL
DX1_,DX0,k1_9_Z2,ADD
DX1,DX1_,X_Hash0,MUL
k1_8_Z3,k1_8,Z_exp3,MUL
DX2_,DX1,k1_8_Z3,ADD
DX2,DX2_,X_Hash0,MUL
k1_7_Z4,k1_7,Z_exp4,MUL
DX3_,DX2,k1_7_Z4,ADD
DX3,DX3_,X_Hash0,MUL
k1_6_Z5,k1_6,Z_exp5,MUL
DX4_,DX3,k1_6_Z5,ADD
DX4,DX4_,X_Hash0,MUL
k1_5_Z6,k1_5,Z_exp6,MUL
DX5_,DX4,k1_5_Z6,ADD
DX5,DX5_,X_Hash0,MUL
k1_4_Z7,k1_4,Z_exp7,MUL
DX6_,DX5,k1_4_Z7,ADD
DX6,DX6_,X_Hash0,MUL
k1_3_Z8,k1_3,Z_exp8,MUL
DX7_,DX6,k1_3_Z8,ADD
DX7,DX7_,X_Hash0,MUL
k1_2_Z9,k1_2,Z_exp9,MUL
DX8_,DX7,k1_2_Z9,ADD
DX8,DX8_,X_Hash0,MUL
k1_1_Z10,k1_1,Z_exp10,MUL
DX9_,DX8,k1_1_Z10,ADD
DX9,DX9_,X_Hash0,MUL
k1_0_Z11,k1_0,Z_exp11,MUL
DX,DX9,k1_0_Z11,ADD

NY0,k2_15,X_Hash0,MUL
k2_14_Z1,k2_14,Z_Hash0,MUL
NY1_,NY0,k2_14_Z1,ADD
NY1,NY1_,X_Hash0,MUL
k2_13_Z2,k2_13,Z_exp2,MUL
NY2_,NY1,k2_13_Z2,ADD
NY2,NY2_,X_Hash0,MUL
k2_12_Z3,k2_12,Z_exp3,MUL
NY3_,NY2,k2_12_Z3,ADD
NY3,NY3_,X_Hash0,MUL
k2_11_Z4,k2_11,Z_exp4,MUL
NY4_,NY3,k2_11_Z4,ADD
NY4,NY4_,X_Hash0,MUL
k2_10_Z5,k2_10,Z_exp5,MUL
NY5_,NY4,k2_10_Z5,ADD
NY5,NY5_,X_Hash0,MUL
k2_9_Z6,k2_9,Z_exp6,MUL
NY6_,NY5,k2_9_Z6,ADD
NY6,NY6_,X_Hash0,MUL
k2_8_Z7,k2_8,Z_exp7,MUL
NY7_,NY6,k2_8_Z7,ADD
NY7,NY7_,X_Hash0,MUL
k2_7_Z8,k2_7,Z_exp8,MUL
NY8_,NY7,k2_7_Z8,ADD
NY8,NY8_,X_Hash0,MUL
k2_6_Z9,k2_6,Z_exp9,MUL
NY9_,NY8,k2_6_Z9,ADD
NY9,NY9_,X_Hash0,MUL
k2_5_Z10,k2_5,Z_exp10,MUL
NY10_,NY9,k2_5_Z10,ADD
NY10,NY10_,X_Hash0,MUL
k2_4_Z11,k2_4,Z_exp11,MUL
NY11_,NY10,k2_4_Z11,ADD
NY11,NY11_,X_Hash0,MUL
k2_3_Z12,k2_3,Z_exp12,MUL
NY12_,NY11,k2_3_Z12,ADD
NY12,NY12_,X_Hash0,MUL
k2_2_Z13,k2_2,Z_exp13,MUL
NY13_,NY12,k2_2_Z13,ADD
NY13,NY13_,X_Hash0,MUL
k2_1_Z14,k2_1,Z_exp14,MUL
NY14_,NY13,k2_1_Z14,ADD
NY14,NY14_,X_Hash0,MUL
k2_0_Z15,k2_0,Z_exp15,MUL
NY15_,NY14,k2_0_Z15,ADD
NY,NY15_,Y_Hash0,MUL

DY0,Z_Hash0,X_Hash0,MUL
k3_14_Z2,k3_14,Z_exp2,MUL
DY1_,DY0,k3_14_Z2,ADD
DY1,DY1_,X_Hash0,MUL
k3_13_Z3,k3_13,Z_exp3,MUL
DY2_,DY1,k3_13_Z3,ADD
DY2,DY2_,X_Hash0,MUL
k3_12_Z4,k3_12,Z_exp4,MUL
DY3_,DY2,k3_12_Z4,ADD
DY3,DY3_,X_Hash0,MUL
k3_11_Z5,k3_11,Z_exp5,MUL
DY4_,DY3,k3_11_Z5,ADD
DY4,DY4_,X_Hash0,MUL
k3_10_Z6,k3_10,Z_exp6,MUL
DY5_,DY4,k3_10_Z6,ADD
DY5,DY5_,X_Hash0,MUL
k3_9_Z7,k3_9,Z_exp7,MUL
DY6_,DY5,k3_9_Z7,ADD
DY6,DY6_,X_Hash0,MUL
k3_8_Z8,k3_8,Z_exp8,MUL
DY7_,DY6,k3_8_Z8,ADD
DY7,DY7_,X_Hash0,MUL
k3_7_Z9,k3_7,Z_exp9,MUL
DY8_,DY7,k3_7_Z9,ADD
DY8,DY8_,X_Hash0,MUL
k3_6_Z10,k3_6,Z_exp10,MUL
DY9_,DY8,k3_6_Z10,ADD
DY9,DY9_,X_Hash0,MUL
k3_5_Z11,k3_5,Z_exp11,MUL
DY10_,DY9,k3_5_Z11,ADD
DY10,DY10_,X_Hash0,MUL
k3_4_Z12,k3_4,Z_exp12,MUL
DY11_,DY10,k3_4_Z12,ADD
DY11,DY11_,X_Hash0,MUL
k3_3_Z13,k3_3,Z_exp13,MUL
DY12_,DY11,k3_3_Z13,ADD
DY12,DY12_,X_Hash0,MUL
k3_2_Z14,k3_2,Z_exp14,MUL
DY13_,DY12,k3_2_Z14,ADD
DY13,DY13_,X_Hash0,MUL
k3_1_Z15,k3_1,Z_exp15,MUL
DY14_,DY13,k3_1_Z15,ADD
DY14,DY14_,X_Hash0,MUL
k3_0_Z16,k3_0,Z_exp16,MUL
DY,DY14,k3_0_Z16,ADD

Z_Hash0_new,DX,DY,MUL
X_Hash0_new,NX,DY,MUL
Y_Hash0_new,NY,DX,MUL